{
    "train": {
        "loss": 0.0371830090880394,
        "acc": 0.9879999756813049
    },
    "eval": {
        "loss": 0.03633162006735802,
        "acc": 0.987500011920929
    },
    "step": 9
}