{
    "train": {
        "loss": 0.03869708627462387,
        "acc": 0.9872499704360962
    },
    "eval": {
        "loss": 0.039395395666360855,
        "acc": 0.9866999983787537
    },
    "step": 9
}