step	eval/acc
0	0.9664000272750854
1	0.9758999943733215
2	0.9810000061988831
3	0.9842000007629395
4	0.9829000234603882
5	0.9847000241279602
6	0.9854999780654907
7	0.9861000180244446
8	0.9861000180244446
9	0.987500011920929
