step	eval/acc
0	0.965499997138977
1	0.9771000146865845
2	0.9794999957084656
3	0.9818999767303467
4	0.9832000136375427
5	0.9854999780654907
6	0.9864000082015991
7	0.9858999848365784
8	0.9872000217437744
9	0.9866999983787537
