step	eval/loss
0	0.11297857761383057
1	0.07820502668619156
2	0.058615319430828094
3	0.04752615466713905
4	0.04698098823428154
5	0.04196237027645111
6	0.041290707886219025
7	0.040776629000902176
8	0.039547957479953766
9	0.03633162006735802
