step	eval/loss
0	0.11975103616714478
1	0.07571294158697128
2	0.0629018247127533
3	0.056850507855415344
4	0.04987969994544983
5	0.041165512055158615
6	0.04159972071647644
7	0.0412827730178833
8	0.037947725504636765
9	0.039395395666360855
