step	train/acc
0	0.9070333242416382
1	0.9592333436012268
2	0.9688000082969666
3	0.975933313369751
4	0.9785666465759277
5	0.9808833599090576
6	0.9829333424568176
7	0.9847000241279602
8	0.985966682434082
9	0.9879999756813049
