step	train/loss
0	0.3148232400417328
1	0.13253656029701233
2	0.09879279136657715
3	0.07859817892313004
4	0.06671974062919617
5	0.05908016860485077
6	0.052082132548093796
7	0.046318504959344864
8	0.04190007969737053
9	0.0371830090880394
